{
  "base_points_multiplier": 1.4264077865095939,
  "trump_base_value": 1.634881835776756,
  "high_trump_bonus": 0.17511706261875343,
  "trump_length_bonus": -0.06039855481205469,
  "suit_base_multiplier": 0.21425577132736653,
  "suit_length_bonus": 1.6839332387709494,
  "suit_high_card_bonus": -1.306347617574099,
  "non_trump_penalty": -0.15236934973759042,
  "suit_flexibility": 0.5104210483029843,
  "balance_bonus": 1.0298396990737173,
  "trump_control_bonus": -0.25787054411136723
}