{
  "base_points_multiplier": 0.608068297334418,
  "trump_base_value": 1.601819490343603,
  "high_trump_bonus": 0.8098268031259649,
  "trump_length_bonus": -0.2987247574069979,
  "suit_base_multiplier": 0.02788107322938331,
  "suit_length_bonus": 1.6228944000198344,
  "suit_high_card_bonus": -0.3091060335367983,
  "non_trump_penalty": 0.15164107720011663,
  "suit_flexibility": -0.44360804179615065,
  "balance_bonus": 0.4335851664522657,
  "trump_control_bonus": 2.5046083800629577
}