{
  "base_points_multiplier": 0.5964893312259989,
  "trump_base_value": 0.28602314193077205,
  "high_trump_bonus": 0.41511847009163977,
  "trump_length_bonus": 0.7390409344092146,
  "suit_base_multiplier": 0.3455905211661678,
  "suit_length_bonus": 1.4824115996831195,
  "suit_high_card_bonus": -0.0582127771467021,
  "non_trump_penalty": 1.3506065983938205,
  "suit_flexibility": 0.4314376829329479,
  "balance_bonus": 0.2930599774165458,
  "trump_control_bonus": 0.045971036594143144
}